<ImportExportXml version="9.2.25074.230" SolutionPackageVersion="9.2" languagecode="1033" generatedBy="CrmLive" xmlns:xsi="http://www.w3.org/2001/XMLSchema-instance" OrganizationVersion="9.2.25074.230" OrganizationSchemaType="Full" CRMServerServiceabilityVersion="9.2.25074.00234">
  <SolutionManifest>
    <UniqueName>Zyris</UniqueName>
    <LocalizedNames>
      <LocalizedName description="Zyris" languagecode="1033" />
    </LocalizedNames>
    <Descriptions />
    <Version>1.0.0.0</Version>
    <Managed>1</Managed>
    <Publisher>
      <UniqueName>ZahidParviz</UniqueName>
      <LocalizedNames>
        <LocalizedName description="Zahid Parviz" languagecode="1033" />
      </LocalizedNames>
      <Descriptions />
      <EMailAddress xsi:nil="true"></EMailAddress>
      <SupportingWebsiteUrl xsi:nil="true"></SupportingWebsiteUrl>
      <CustomizationPrefix>zp</CustomizationPrefix>
      <CustomizationOptionValuePrefix>12870</CustomizationOptionValuePrefix>
      <Addresses>
        <Address>
          <AddressNumber>1</AddressNumber>
          <AddressTypeCode>1</AddressTypeCode>
          <City xsi:nil="true"></City>
          <County xsi:nil="true"></County>
          <Country xsi:nil="true"></Country>
          <Fax xsi:nil="true"></Fax>
          <FreightTermsCode xsi:nil="true"></FreightTermsCode>
          <ImportSequenceNumber xsi:nil="true"></ImportSequenceNumber>
          <Latitude xsi:nil="true"></Latitude>
          <Line1 xsi:nil="true"></Line1>
          <Line2 xsi:nil="true"></Line2>
          <Line3 xsi:nil="true"></Line3>
          <Longitude xsi:nil="true"></Longitude>
          <Name xsi:nil="true"></Name>
          <PostalCode xsi:nil="true"></PostalCode>
          <PostOfficeBox xsi:nil="true"></PostOfficeBox>
          <PrimaryContactName xsi:nil="true"></PrimaryContactName>
          <ShippingMethodCode>1</ShippingMethodCode>
          <StateOrProvince xsi:nil="true"></StateOrProvince>
          <Telephone1 xsi:nil="true"></Telephone1>
          <Telephone2 xsi:nil="true"></Telephone2>
          <Telephone3 xsi:nil="true"></Telephone3>
          <TimeZoneRuleVersionNumber xsi:nil="true"></TimeZoneRuleVersionNumber>
          <UPSZone xsi:nil="true"></UPSZone>
          <UTCOffset xsi:nil="true"></UTCOffset>
          <UTCConversionTimeZoneCode xsi:nil="true"></UTCConversionTimeZoneCode>
        </Address>
        <Address>
          <AddressNumber>2</AddressNumber>
          <AddressTypeCode>1</AddressTypeCode>
          <City xsi:nil="true"></City>
          <County xsi:nil="true"></County>
          <Country xsi:nil="true"></Country>
          <Fax xsi:nil="true"></Fax>
          <FreightTermsCode xsi:nil="true"></FreightTermsCode>
          <ImportSequenceNumber xsi:nil="true"></ImportSequenceNumber>
          <Latitude xsi:nil="true"></Latitude>
          <Line1 xsi:nil="true"></Line1>
          <Line2 xsi:nil="true"></Line2>
          <Line3 xsi:nil="true"></Line3>
          <Longitude xsi:nil="true"></Longitude>
          <Name xsi:nil="true"></Name>
          <PostalCode xsi:nil="true"></PostalCode>
          <PostOfficeBox xsi:nil="true"></PostOfficeBox>
          <PrimaryContactName xsi:nil="true"></PrimaryContactName>
          <ShippingMethodCode>1</ShippingMethodCode>
          <StateOrProvince xsi:nil="true"></StateOrProvince>
          <Telephone1 xsi:nil="true"></Telephone1>
          <Telephone2 xsi:nil="true"></Telephone2>
          <Telephone3 xsi:nil="true"></Telephone3>
          <TimeZoneRuleVersionNumber xsi:nil="true"></TimeZoneRuleVersionNumber>
          <UPSZone xsi:nil="true"></UPSZone>
          <UTCOffset xsi:nil="true"></UTCOffset>
          <UTCConversionTimeZoneCode xsi:nil="true"></UTCConversionTimeZoneCode>
        </Address>
      </Addresses>
    </Publisher>
    <RootComponents>
      <RootComponent type="1" schemaName="account" behavior="0" />
      <RootComponent type="1" schemaName="contact" behavior="0" />
      <RootComponent type="1" schemaName="quote" behavior="0" />
      <RootComponent type="1" schemaName="salesorder" behavior="0" />
      <RootComponent type="29" id="{33e0cc89-1463-f011-bec2-7c1e527756ba}" behavior="0" />
      <RootComponent type="60" id="{15915835-b87c-49ec-9ffc-bfac3ac44ef1}" />
      <RootComponent type="60" id="{70ad8b15-e3f3-4d7d-9e4b-16cb4e51b484}" />
      <RootComponent type="60" id="{d4f40772-073e-e711-80e1-00155d871bb4}" />
      <RootComponent type="60" id="{db86e637-863c-e711-80e0-00155d871bb4}" />
      <RootComponent type="61" schemaName="adx_portalcomment_form.js" behavior="0" />
      <RootComponent type="61" schemaName="msa_bingmaps/adx_bingmapsvalidation.js" behavior="0" />
      <RootComponent type="80" schemaName="msdynce_saleshub" behavior="0" />
    </RootComponents>
    <MissingDependencies>
      <MissingDependency>
        <Required type="1" schemaName="adx_externalidentity" displayName="External Identity" solution="PowerPages_RuntimeCore (1.0.2407.1)">
          <package appName="Power Pages Core Package" version="1.0.2506.181">PowerPages_Core (1.0.2506.181)</package>
        </Required>
        <Dependent type="1" schemaName="contact" displayName="Contact" />
      </MissingDependency>
      <MissingDependency>
        <Required type="1" schemaName="adx_externalidentity" displayName="External Identity" solution="PowerPages_RuntimeCore (1.0.2407.1)">
          <package appName="Power Pages Core Package" version="1.0.2506.181">PowerPages_Core (1.0.2506.181)</package>
        </Required>
        <Dependent type="60" displayName="Portal Contact (Enhanced)" parentDisplayName="Contact" id="{c1c97961-2d42-4103-abf8-2fe2bdf38224}" />
      </MissingDependency>
      <MissingDependency>
        <Required type="1" schemaName="adx_invitation" displayName="Invitation" solution="PowerPages_RuntimeCore (1.0.2407.1)">
          <package appName="Power Pages Core Package" version="1.0.2506.181">PowerPages_Core (1.0.2506.181)</package>
        </Required>
        <Dependent type="1" schemaName="account" displayName="Account" />
      </MissingDependency>
      <MissingDependency>
        <Required type="1" schemaName="adx_invitation" displayName="Invitation" solution="PowerPages_RuntimeCore (1.0.2407.1)">
          <package appName="Power Pages Core Package" version="1.0.2506.181">PowerPages_Core (1.0.2506.181)</package>
        </Required>
        <Dependent type="1" schemaName="contact" displayName="Contact" />
      </MissingDependency>
      <MissingDependency>
        <Required type="1" schemaName="adx_webformsession" displayName="Multistep Form Session" solution="PowerPages_RuntimeCore (1.0.2407.1)">
          <package appName="Power Pages Core Package" version="1.0.2506.181">PowerPages_Core (1.0.2506.181)</package>
        </Required>
        <Dependent type="1" schemaName="contact" displayName="Contact" />
      </MissingDependency>
      <MissingDependency>
        <Required type="1" schemaName="bulkoperation" displayName="Quick Campaign" solution="msdynce_Marketing (9.0.4.37)">
          <package appName="msdynce_Marketing" version="9.0.25073.10001">msdynce_MarketingAnchor (9.0.25073.10001)</package>
        </Required>
        <Dependent type="80" schemaName="msdynce_saleshub" displayName="Sales Hub" />
      </MissingDependency>
      <MissingDependency>
        <Required type="1" schemaName="campaign" displayName="Campaign" solution="msdynce_Marketing (9.0.4.37)">
          <package appName="msdynce_Marketing" version="9.0.25073.10001">msdynce_MarketingAnchor (9.0.25073.10001)</package>
        </Required>
        <Dependent type="80" schemaName="msdynce_saleshub" displayName="Sales Hub" />
      </MissingDependency>
      <MissingDependency>
        <Required type="1" schemaName="competitor" displayName="Competitor" solution="msdynce_Sales (9.0.4.0076)">
          <package appName="msdynce_Sales" version="9.0.25073.10009">msdynce_SalesAnchor (9.0.25073.10009)</package>
        </Required>
        <Dependent type="80" schemaName="msdynce_saleshub" displayName="Sales Hub" />
      </MissingDependency>
      <MissingDependency>
        <Required type="1" schemaName="dynamicpropertyoptionsetitem" displayName="Property Option Set Item" solution="msdynce_ProductManagement (9.0.4.0066)">
          <package appName="msdynce_ProductManagement" version="9.0.25073.10001">msdynce_ProductManagementAnchor (9.0.25073.10001)</package>
        </Required>
        <Dependent type="80" schemaName="msdynce_saleshub" displayName="Sales Hub" />
      </MissingDependency>
      <MissingDependency>
        <Required type="1" schemaName="entitlement" displayName="Entitlement" solution="msdynce_Service (9.0.5.56)">
          <package appName="msdynce_Service" version="9.0.25073.1004">msdynce_ServiceAnchor (9.0.25073.1004)</package>
        </Required>
        <Dependent type="80" schemaName="msdynce_saleshub" displayName="Sales Hub" />
      </MissingDependency>
      <MissingDependency>
        <Required type="1" schemaName="incident" displayName="Case" solution="msdynce_Service (9.0.5.56)">
          <package appName="msdynce_Service" version="9.0.25073.1004">msdynce_ServiceAnchor (9.0.25073.1004)</package>
        </Required>
        <Dependent type="80" schemaName="msdynce_saleshub" displayName="Sales Hub" />
      </MissingDependency>
      <MissingDependency>
        <Required type="1" schemaName="incidentresolution" displayName="Case Resolution" solution="msdynce_Service (9.0.5.56)">
          <package appName="msdynce_Service" version="9.0.25073.1004">msdynce_ServiceAnchor (9.0.25073.1004)</package>
        </Required>
        <Dependent type="80" schemaName="msdynce_saleshub" displayName="Sales Hub" />
      </MissingDependency>
      <MissingDependency>
        <Required type="1" schemaName="invoice" displayName="Invoice" solution="msdynce_Sales (9.0.4.0076)">
          <package appName="msdynce_Sales" version="9.0.25073.10009">msdynce_SalesAnchor (9.0.25073.10009)</package>
        </Required>
        <Dependent type="80" schemaName="msdynce_saleshub" displayName="Sales Hub" />
      </MissingDependency>
      <MissingDependency>
        <Required type="1" schemaName="invoicedetail" displayName="Invoice Product" solution="msdynce_Sales (9.0.4.0076)">
          <package appName="msdynce_Sales" version="9.0.25073.10009">msdynce_SalesAnchor (9.0.25073.10009)</package>
        </Required>
        <Dependent type="80" schemaName="msdynce_saleshub" displayName="Sales Hub" />
      </MissingDependency>
      <MissingDependency>
        <Required type="1" schemaName="lead" displayName="Lead" solution="msdynce_LeadManagement (9.0.4.0066)">
          <package appName="msdynce_LeadManagement" version="9.0.25073.10001">msdynce_LeadManagementAnchor (9.0.25073.10001)</package>
        </Required>
        <Dependent type="80" schemaName="msdynce_saleshub" displayName="Sales Hub" />
      </MissingDependency>
      <MissingDependency>
        <Required type="1" schemaName="leadtoopportunitysalesprocess" displayName="Lead To Opportunity Sales Process" solution="msdynce_Sales (9.0.4.0076)">
          <package appName="msdynce_Sales" version="9.0.25073.10009">msdynce_SalesAnchor (9.0.25073.10009)</package>
        </Required>
        <Dependent type="80" schemaName="msdynce_saleshub" displayName="Sales Hub" />
      </MissingDependency>
      <MissingDependency>
        <Required type="1" schemaName="msdyn_accountkpiitem" displayName="Account KPI Item" solution="RelationshipAnalytics (9.0.25073.10001)">
          <package appName="msdynce_SalesInsights" version="9.0.25073.10002">msdynce_SalesInsightsAnchor (9.0.25073.10002)</package>
        </Required>
        <Dependent type="1" schemaName="account" displayName="Account" />
      </MissingDependency>
      <MissingDependency>
        <Required type="1" schemaName="msdyn_actual" displayName="Actual" solution="MicrosoftDynamicsScheduling (3.12.0.448)">
          <package appName="msdynce_CoreServiceScheduling" version="9.0.25073.2001">msdynce_CoreServiceSchedulingAnchor (9.0.25073.2001)</package>
        </Required>
        <Dependent type="1" schemaName="account" displayName="Account" />
      </MissingDependency>
      <MissingDependency>
        <Required type="1" schemaName="msdyn_actual" displayName="Actual" solution="MicrosoftDynamicsScheduling (3.12.0.448)">
          <package appName="msdynce_CoreServiceScheduling" version="9.0.25073.2001">msdynce_CoreServiceSchedulingAnchor (9.0.25073.2001)</package>
        </Required>
        <Dependent type="1" schemaName="contact" displayName="Contact" />
      </MissingDependency>
      <MissingDependency>
        <Required type="1" schemaName="msdyn_actual" displayName="Actual" solution="MicrosoftDynamicsScheduling (3.12.0.448)">
          <package appName="msdynce_CoreServiceScheduling" version="9.0.25073.2001">msdynce_CoreServiceSchedulingAnchor (9.0.25073.2001)</package>
        </Required>
        <Dependent type="1" schemaName="salesorder" displayName="Order" />
      </MissingDependency>
      <MissingDependency>
        <Required type="1" schemaName="msdyn_aicontactsuggestion" displayName="Teams Contact Suggestion by AI" solution="msdyn_Collaboration (9.1.25033.10003)">
          <package appName="msdynce_OfficeProductivity" version="9.0.25073.10003">msdynce_OfficeProductivityAnchor (9.0.25073.10003)</package>
        </Required>
        <Dependent type="1" schemaName="account" displayName="Account" />
      </MissingDependency>
      <MissingDependency>
        <Required type="1" schemaName="msdyn_callablecontext" displayName="Playbook Callable Context" solution="msdyn_Playbook (9.0.2404.3002 )">
          <package appName="msdynce_Sales" version="9.0.25073.10009">msdynce_SalesAnchor (9.0.25073.10009)</package>
        </Required>
        <Dependent type="80" schemaName="msdynce_saleshub" displayName="Sales Hub" />
      </MissingDependency>
      <MissingDependency>
        <Required type="1" schemaName="msdyn_contactkpiitem" displayName="Contact KPI Item" solution="RelationshipAnalytics (9.0.25073.10001)">
          <package appName="msdynce_SalesInsights" version="9.0.25073.10002">msdynce_SalesInsightsAnchor (9.0.25073.10002)</package>
        </Required>
        <Dependent type="1" schemaName="contact" displayName="Contact" />
      </MissingDependency>
      <MissingDependency>
        <Required type="1" schemaName="msdyn_conversationparticipantinsights" displayName="Conversation Participant Insights" solution="msdyn_Conversation_Intelligence (9.0.1.1294)">
          <package appName="msdyn_SalesConversationIntelligence" version="9.0.1.1294">msdyn_SalesConversationIntelligenceAnchor (9.0.1.1294)</package>
        </Required>
        <Dependent type="1" schemaName="account" displayName="Account" />
      </MissingDependency>
      <MissingDependency>
        <Required type="1" schemaName="msdyn_conversationparticipantinsights" displayName="Conversation Participant Insights" solution="msdyn_Conversation_Intelligence (9.0.1.1294)">
          <package appName="msdyn_SalesConversationIntelligence" version="9.0.1.1294">msdyn_SalesConversationIntelligenceAnchor (9.0.1.1294)</package>
        </Required>
        <Dependent type="1" schemaName="contact" displayName="Contact" />
      </MissingDependency>
      <MissingDependency>
        <Required type="1" schemaName="msdyn_customerasset" displayName="Customer Asset" solution="msdyn_AssetCommon (1.0.50.1)">
          <package appName="msdynce_Service" version="9.0.25073.1004">msdynce_ServiceAnchor (9.0.25073.1004)</package>
        </Required>
        <Dependent type="1" schemaName="account" displayName="Account" />
      </MissingDependency>
      <MissingDependency>
        <Required type="1" schemaName="msdyn_dailyaccountkpiitem" displayName="Daily Kpis for account" solution="RelationshipAnalytics (9.0.25073.10001)">
          <package appName="msdynce_SalesInsights" version="9.0.25073.10002">msdynce_SalesInsightsAnchor (9.0.25073.10002)</package>
        </Required>
        <Dependent type="1" schemaName="account" displayName="Account" />
      </MissingDependency>
      <MissingDependency>
        <Required type="1" schemaName="msdyn_dailycontactkpiitem" displayName="Daily kpis for contact" solution="RelationshipAnalytics (9.0.25073.10001)">
          <package appName="msdynce_SalesInsights" version="9.0.25073.10002">msdynce_SalesInsightsAnchor (9.0.25073.10002)</package>
        </Required>
        <Dependent type="1" schemaName="contact" displayName="Contact" />
      </MissingDependency>
      <MissingDependency>
        <Required type="1" schemaName="msdyn_iotdevice" displayName="IoT Device" solution="IoTConnector (1.8.53.0)">
          <package appName="msdynce_Service" version="9.0.25073.1004">msdynce_ServiceAnchor (9.0.25073.1004)</package>
        </Required>
        <Dependent type="1" schemaName="account" displayName="Account" />
      </MissingDependency>
      <MissingDependency>
        <Required type="1" schemaName="msdyn_lastagent" displayName="Last Agent" solution="UnifiedRouting (1.5.25074.1020)">
          <package appName="UnifiedRoutingPrime" version="1.5.26.231">UnifiedRoutingPrimeAnchor (1.5.26.231)</package>
        </Required>
        <Dependent type="1" schemaName="account" displayName="Account" />
      </MissingDependency>
      <MissingDependency>
        <Required type="1" schemaName="msdyn_lastagent" displayName="Last Agent" solution="UnifiedRouting (1.5.25074.1020)">
          <package appName="UnifiedRoutingPrime" version="1.5.26.231">UnifiedRoutingPrimeAnchor (1.5.26.231)</package>
        </Required>
        <Dependent type="1" schemaName="contact" displayName="Contact" />
      </MissingDependency>
      <MissingDependency>
        <Required type="1" schemaName="msdyn_linkedentityattributevalidity" displayName="Linked Entity Attribute Validity" solution="msdyn_leadhygiene (9.1.2507.3001)">
          <package appName="msdyn_AcceleratedSales" version="9.1.25073.10005">msdyn_AcceleratedSalesAnchor (9.1.25073.10005)</package>
        </Required>
        <Dependent type="1" schemaName="contact" displayName="Contact" />
      </MissingDependency>
      <MissingDependency>
        <Required type="1" schemaName="msdyn_liveconversation" displayName="Ongoing conversation (Deprecated)" solution="OmnichannelBase (1.10.0.110)">
          <package appName="UnifiedRoutingPrime" version="1.5.26.231">UnifiedRoutingPrimeAnchor (1.5.26.231)</package>
        </Required>
        <Dependent type="1" schemaName="account" displayName="Account" />
      </MissingDependency>
      <MissingDependency>
        <Required type="1" schemaName="msdyn_liveconversation" displayName="Ongoing conversation (Deprecated)" solution="OmnichannelBase (1.10.0.110)">
          <package appName="UnifiedRoutingPrime" version="1.5.26.231">UnifiedRoutingPrimeAnchor (1.5.26.231)</package>
        </Required>
        <Dependent type="1" schemaName="contact" displayName="Contact" />
      </MissingDependency>
      <MissingDependency>
        <Required type="1" schemaName="msdyn_mostcontacted" displayName="Most Contacted" solution="RelationshipAnalytics (9.0.25073.10001)">
          <package appName="msdynce_SalesInsights" version="9.0.25073.10002">msdynce_SalesInsightsAnchor (9.0.25073.10002)</package>
        </Required>
        <Dependent type="1" schemaName="account" displayName="Account" />
      </MissingDependency>
      <MissingDependency>
        <Required type="1" schemaName="msdyn_mostcontacted" displayName="Most Contacted" solution="RelationshipAnalytics (9.0.25073.10001)">
          <package appName="msdynce_SalesInsights" version="9.0.25073.10002">msdynce_SalesInsightsAnchor (9.0.25073.10002)</package>
        </Required>
        <Dependent type="1" schemaName="contact" displayName="Contact" />
      </MissingDependency>
      <MissingDependency>
        <Required type="1" schemaName="msdyn_mostcontactedby" displayName="Most Contacted By" solution="RelationshipAnalytics (9.0.25073.10001)">
          <package appName="msdynce_SalesInsights" version="9.0.25073.10002">msdynce_SalesInsightsAnchor (9.0.25073.10002)</package>
        </Required>
        <Dependent type="1" schemaName="account" displayName="Account" />
      </MissingDependency>
      <MissingDependency>
        <Required type="1" schemaName="msdyn_mostcontactedby" displayName="Most Contacted By" solution="RelationshipAnalytics (9.0.25073.10001)">
          <package appName="msdynce_SalesInsights" version="9.0.25073.10002">msdynce_SalesInsightsAnchor (9.0.25073.10002)</package>
        </Required>
        <Dependent type="1" schemaName="contact" displayName="Contact" />
      </MissingDependency>
      <MissingDependency>
        <Required type="1" schemaName="msdyn_ocexternalsecuritysetting" displayName="External Security Setting" solution="OmnichannelTelephony (1.10.0.217)">
          <package appName="OmnichannelPrimeTelephony" version="1.5.26.511">OmnichannelPrimeTelephony (1.5.26.511)</package>
        </Required>
        <Dependent type="1" schemaName="contact" displayName="Contact" />
      </MissingDependency>
      <MissingDependency>
        <Required type="1" schemaName="msdyn_ocliveworkitem" displayName="Conversation" solution="OmnichannelBase (1.10.0.110)">
          <package appName="UnifiedRoutingPrime" version="1.5.26.231">UnifiedRoutingPrimeAnchor (1.5.26.231)</package>
        </Required>
        <Dependent type="1" schemaName="account" displayName="Account" />
      </MissingDependency>
      <MissingDependency>
        <Required type="1" schemaName="msdyn_ocliveworkitem" displayName="Conversation" solution="OmnichannelBase (1.10.0.110)">
          <package appName="UnifiedRoutingPrime" version="1.5.26.231">UnifiedRoutingPrimeAnchor (1.5.26.231)</package>
        </Required>
        <Dependent type="1" schemaName="contact" displayName="Contact" />
      </MissingDependency>
      <MissingDependency>
        <Required type="1" schemaName="msdyn_ocliveworkitem" displayName="Conversation" solution="OmnichannelBase (1.10.0.110)">
          <package appName="UnifiedRoutingPrime" version="1.5.26.231">UnifiedRoutingPrimeAnchor (1.5.26.231)</package>
        </Required>
        <Dependent type="80" schemaName="msdynce_saleshub" displayName="Sales Hub" />
      </MissingDependency>
      <MissingDependency>
        <Required type="1" schemaName="msdyn_ocvoicemail" displayName="Voicemail" solution="OmnichannelTelephony (1.10.0.217)">
          <package appName="OmnichannelPrimeTelephony" version="1.5.26.511">OmnichannelPrimeTelephony (1.5.26.511)</package>
        </Required>
        <Dependent type="1" schemaName="account" displayName="Account" />
      </MissingDependency>
      <MissingDependency>
        <Required type="1" schemaName="msdyn_ocvoicemail" displayName="Voicemail" solution="OmnichannelTelephony (1.10.0.217)">
          <package appName="OmnichannelPrimeTelephony" version="1.5.26.511">OmnichannelPrimeTelephony (1.5.26.511)</package>
        </Required>
        <Dependent type="1" schemaName="contact" displayName="Contact" />
      </MissingDependency>
      <MissingDependency>
        <Required type="1" schemaName="msdyn_orgchartnode" displayName="Microsoft Orgchart node entity" solution="msdyn_LinkedInExtensions (9.0.25073.10002)">
          <package appName="msdyn_SalesIntegrationsAndAddOns" version="9.0.25073.10002">msdyn_SalesIntegrationsAddOns (9.0.25073.10002)</package>
        </Required>
        <Dependent type="1" schemaName="account" displayName="Account" />
      </MissingDependency>
      <MissingDependency>
        <Required type="1" schemaName="msdyn_orgchartnode" displayName="Microsoft Orgchart node entity" solution="msdyn_LinkedInExtensions (9.0.25073.10002)">
          <package appName="msdyn_SalesIntegrationsAndAddOns" version="9.0.25073.10002">msdyn_SalesIntegrationsAddOns (9.0.25073.10002)</package>
        </Required>
        <Dependent type="1" schemaName="contact" displayName="Contact" />
      </MissingDependency>
      <MissingDependency>
        <Required type="1" schemaName="msdyn_playbookactivity" displayName="Playbook activity" solution="msdyn_Playbook (9.0.2404.3002 )">
          <package appName="msdynce_Sales" version="9.0.25073.10009">msdynce_SalesAnchor (9.0.25073.10009)</package>
        </Required>
        <Dependent type="80" schemaName="msdynce_saleshub" displayName="Sales Hub" />
      </MissingDependency>
      <MissingDependency>
        <Required type="1" schemaName="msdyn_playbookactivityattribute" displayName="Playbook activity attribute" solution="msdyn_Playbook (9.0.2404.3002 )">
          <package appName="msdynce_Sales" version="9.0.25073.10009">msdynce_SalesAnchor (9.0.25073.10009)</package>
        </Required>
        <Dependent type="80" schemaName="msdynce_saleshub" displayName="Sales Hub" />
      </MissingDependency>
      <MissingDependency>
        <Required type="1" schemaName="msdyn_playbookcategory" displayName="[DEPRECATED] Playbook category" solution="msdyn_Playbook (9.0.2404.3002 )">
          <package appName="msdynce_Sales" version="9.0.25073.10009">msdynce_SalesAnchor (9.0.25073.10009)</package>
        </Required>
        <Dependent type="80" schemaName="msdynce_saleshub" displayName="Sales Hub" />
      </MissingDependency>
      <MissingDependency>
        <Required type="1" schemaName="msdyn_playbookinstance" displayName="Playbook" solution="msdyn_Playbook (9.0.2404.3002 )">
          <package appName="msdynce_Sales" version="9.0.25073.10009">msdynce_SalesAnchor (9.0.25073.10009)</package>
        </Required>
        <Dependent type="80" schemaName="msdynce_saleshub" displayName="Sales Hub" />
      </MissingDependency>
      <MissingDependency>
        <Required type="1" schemaName="msdyn_playbooktemplate" displayName="[DEPRECATED] Playbook template" solution="msdyn_Playbook (9.0.2404.3002 )">
          <package appName="msdynce_Sales" version="9.0.25073.10009">msdynce_SalesAnchor (9.0.25073.10009)</package>
        </Required>
        <Dependent type="80" schemaName="msdynce_saleshub" displayName="Sales Hub" />
      </MissingDependency>
      <MissingDependency>
        <Required type="1" schemaName="msdyn_preferredagent" displayName="Preferred Agent" solution="UnifiedRouting (1.5.25074.1020)">
          <package appName="UnifiedRoutingPrime" version="1.5.26.231">UnifiedRoutingPrimeAnchor (1.5.26.231)</package>
        </Required>
        <Dependent type="1" schemaName="account" displayName="Account" />
      </MissingDependency>
      <MissingDependency>
        <Required type="1" schemaName="msdyn_preferredagent" displayName="Preferred Agent" solution="UnifiedRouting (1.5.25074.1020)">
          <package appName="UnifiedRoutingPrime" version="1.5.26.231">UnifiedRoutingPrimeAnchor (1.5.26.231)</package>
        </Required>
        <Dependent type="1" schemaName="contact" displayName="Contact" />
      </MissingDependency>
      <MissingDependency>
        <Required type="1" schemaName="msdyn_sabackupdiagnostic" displayName="sabackupdiagnostic" solution="msdyn_segment (9.1.2507.3001)">
          <package appName="msdyn_AcceleratedSales" version="9.1.25073.10005">msdyn_AcceleratedSalesAnchor (9.1.25073.10005)</package>
        </Required>
        <Dependent type="1" schemaName="account" displayName="Account" />
      </MissingDependency>
      <MissingDependency>
        <Required type="1" schemaName="msdyn_sabackupdiagnostic" displayName="sabackupdiagnostic" solution="msdyn_segment (9.1.2507.3001)">
          <package appName="msdyn_AcceleratedSales" version="9.1.25073.10005">msdyn_AcceleratedSalesAnchor (9.1.25073.10005)</package>
        </Required>
        <Dependent type="1" schemaName="contact" displayName="Contact" />
      </MissingDependency>
      <MissingDependency>
        <Required type="1" schemaName="msdyn_salesaccelerationinsight" displayName="Sales acceleration insights" solution="msdyn_acceleratedsales (9.1.25073.10005)">
          <package appName="msdyn_AcceleratedSales" version="9.1.25073.10005">msdyn_AcceleratedSalesAnchor (9.1.25073.10005)</package>
        </Required>
        <Dependent type="1" schemaName="account" displayName="Account" />
      </MissingDependency>
      <MissingDependency>
        <Required type="1" schemaName="msdyn_salesagentrun" displayName="Sales agent run" solution="msdyn_SalesAgentsCommon (9.1.25073.10024)">
          <package appName="msdyn_SalesAgents" version="9.1.25065.10017">msdyn_SalesAgentsAnchor (9.1.25065.10017)</package>
          <package appName="msdyn_SalesAgents" version="9.1.25073.10050">msdyn_SalesOpportunityResearch (9.1.25073.10050)</package>
        </Required>
        <Dependent type="1" schemaName="account" displayName="Account" />
      </MissingDependency>
      <MissingDependency>
        <Required type="1" schemaName="msdyn_salesagentrun" displayName="Sales agent run" solution="msdyn_SalesAgentsCommon (9.1.25073.10024)">
          <package appName="msdyn_SalesAgents" version="9.1.25065.10017">msdyn_SalesAgentsAnchor (9.1.25065.10017)</package>
          <package appName="msdyn_SalesAgents" version="9.1.25073.10050">msdyn_SalesOpportunityResearch (9.1.25073.10050)</package>
        </Required>
        <Dependent type="1" schemaName="contact" displayName="Contact" />
      </MissingDependency>
      <MissingDependency>
        <Required type="1" schemaName="msdyn_salescopilotinsight" displayName="Sales Copilot Insight" solution="msdyn_SalesCopilot (9.1.25073.10004)">
          <package appName="msdynce_Sales" version="9.0.25073.10009">msdynce_SalesAnchor (9.0.25073.10009)</package>
        </Required>
        <Dependent type="1" schemaName="account" displayName="Account" />
      </MissingDependency>
      <MissingDependency>
        <Required type="1" schemaName="msdyn_salescopilotinsight" displayName="Sales Copilot Insight" solution="msdyn_SalesCopilot (9.1.25073.10004)">
          <package appName="msdynce_Sales" version="9.0.25073.10009">msdynce_SalesAnchor (9.0.25073.10009)</package>
        </Required>
        <Dependent type="1" schemaName="contact" displayName="Contact" />
      </MissingDependency>
      <MissingDependency>
        <Required type="1" schemaName="msdyn_salesroutingdiagnostic" displayName="salesroutingdiagnostic" solution="msdyn_segment (9.1.2507.3001)">
          <package appName="msdyn_AcceleratedSales" version="9.1.25073.10005">msdyn_AcceleratedSalesAnchor (9.1.25073.10005)</package>
        </Required>
        <Dependent type="1" schemaName="account" displayName="Account" />
      </MissingDependency>
      <MissingDependency>
        <Required type="1" schemaName="msdyn_salesroutingdiagnostic" displayName="salesroutingdiagnostic" solution="msdyn_segment (9.1.2507.3001)">
          <package appName="msdyn_AcceleratedSales" version="9.1.25073.10005">msdyn_AcceleratedSalesAnchor (9.1.25073.10005)</package>
        </Required>
        <Dependent type="1" schemaName="contact" displayName="Contact" />
      </MissingDependency>
      <MissingDependency>
        <Required type="1" schemaName="msdyn_salesroutingrun" displayName="Sales routing run" solution="msdyn_SalesRouting (9.1.2507.3001)">
          <package appName="msdyn_AcceleratedSales" version="9.1.25073.10005">msdyn_AcceleratedSalesAnchor (9.1.25073.10005)</package>
        </Required>
        <Dependent type="1" schemaName="account" displayName="Account" />
      </MissingDependency>
      <MissingDependency>
        <Required type="1" schemaName="msdyn_salesroutingrun" displayName="Sales routing run" solution="msdyn_SalesRouting (9.1.2507.3001)">
          <package appName="msdyn_AcceleratedSales" version="9.1.25073.10005">msdyn_AcceleratedSalesAnchor (9.1.25073.10005)</package>
        </Required>
        <Dependent type="1" schemaName="contact" displayName="Contact" />
      </MissingDependency>
      <MissingDependency>
        <Required type="1" schemaName="msdyn_salessuggestion" displayName="Insight" solution="msdyn_acceleratedsales (9.1.25073.10005)">
          <package appName="msdyn_AcceleratedSales" version="9.1.25073.10005">msdyn_AcceleratedSalesAnchor (9.1.25073.10005)</package>
        </Required>
        <Dependent type="1" schemaName="account" displayName="Account" />
      </MissingDependency>
      <MissingDependency>
        <Required type="1" schemaName="msdyn_salessuggestion" displayName="Insight" solution="msdyn_acceleratedsales (9.1.25073.10005)">
          <package appName="msdyn_AcceleratedSales" version="9.1.25073.10005">msdyn_AcceleratedSalesAnchor (9.1.25073.10005)</package>
        </Required>
        <Dependent type="1" schemaName="contact" displayName="Contact" />
      </MissingDependency>
      <MissingDependency>
        <Required type="1" schemaName="msdyn_sequencetarget" displayName="Sequence Target" solution="msdyn_Sequence (9.1.25073.10002)">
          <package appName="msdyn_AcceleratedSales" version="9.1.25073.10005">msdyn_AcceleratedSalesAnchor (9.1.25073.10005)</package>
        </Required>
        <Dependent type="1" schemaName="account" displayName="Account" />
      </MissingDependency>
      <MissingDependency>
        <Required type="1" schemaName="msdyn_sequencetarget" displayName="Sequence Target" solution="msdyn_Sequence (9.1.25073.10002)">
          <package appName="msdyn_AcceleratedSales" version="9.1.25073.10005">msdyn_AcceleratedSalesAnchor (9.1.25073.10005)</package>
        </Required>
        <Dependent type="1" schemaName="contact" displayName="Contact" />
      </MissingDependency>
      <MissingDependency>
        <Required type="1" schemaName="msdyn_stakeholderresearchoutput" displayName="Stakeholder Research Output" solution="msdyn_SalesLeadResearch (9.1.25073.10050)">
          <package appName="msdyn_SalesAgents" version="9.1.25065.10017">msdyn_SalesAgentsAnchor (9.1.25065.10017)</package>
          <package appName="msdyn_SalesAgents" version="9.1.25073.10050">msdyn_SalesOpportunityResearch (9.1.25073.10050)</package>
        </Required>
        <Dependent type="1" schemaName="account" displayName="Account" />
      </MissingDependency>
      <MissingDependency>
        <Required type="1" schemaName="msdyn_swarm" displayName="Swarm" solution="msdyn_Swarming (9.0.25073.2014)">
          <package appName="ServiceExtended" version="9.0.25073.2014">msdyn_ServiceExtendedAnchor (9.0.25073.2014)</package>
        </Required>
        <Dependent type="1" schemaName="account" displayName="Account" />
      </MissingDependency>
      <MissingDependency>
        <Required type="1" schemaName="msdyn_taggedrecord" displayName="Tagged Record" solution="msdyn_VivaSalesCore (9.28.25134.3)">
          <package appName="msdynce_Sales" version="9.0.25073.10009">msdynce_SalesAnchor (9.0.25073.10009)</package>
        </Required>
        <Dependent type="1" schemaName="contact" displayName="Contact" />
      </MissingDependency>
      <MissingDependency>
        <Required type="1" schemaName="msdyn_warranty" displayName="Warranty" solution="msdyn_AssetCommon (1.0.50.1)">
          <package appName="msdynce_Service" version="9.0.25073.1004">msdynce_ServiceAnchor (9.0.25073.1004)</package>
        </Required>
        <Dependent type="1" schemaName="account" displayName="Account" />
      </MissingDependency>
      <MissingDependency>
        <Required type="1" schemaName="mspp_webrole" displayName="Web Role" solution="PowerPages_Apps (1.0.2505.1)">
          <package appName="Power Pages Core Package" version="1.0.2506.181">PowerPages_Core (1.0.2506.181)</package>
        </Required>
        <Dependent type="60" displayName="Portal Contact (Enhanced)" parentDisplayName="Contact" id="{c1c97961-2d42-4103-abf8-2fe2bdf38224}" />
      </MissingDependency>
      <MissingDependency>
        <Required type="1" schemaName="opportunity" displayName="Opportunity" solution="msdynce_Sales (9.0.4.0076)">
          <package appName="msdynce_Sales" version="9.0.25073.10009">msdynce_SalesAnchor (9.0.25073.10009)</package>
        </Required>
        <Dependent type="80" schemaName="msdynce_saleshub" displayName="Sales Hub" />
      </MissingDependency>
      <MissingDependency>
        <Required type="1" schemaName="opportunityclose" displayName="Opportunity Close" solution="msdynce_Sales (9.0.4.0076)">
          <package appName="msdynce_Sales" version="9.0.25073.10009">msdynce_SalesAnchor (9.0.25073.10009)</package>
        </Required>
        <Dependent type="80" schemaName="msdynce_saleshub" displayName="Sales Hub" />
      </MissingDependency>
      <MissingDependency>
        <Required type="1" schemaName="opportunityproduct" displayName="Opportunity Product" solution="msdynce_Sales (9.0.4.0076)">
          <package appName="msdynce_Sales" version="9.0.25073.10009">msdynce_SalesAnchor (9.0.25073.10009)</package>
        </Required>
        <Dependent type="80" schemaName="msdynce_saleshub" displayName="Sales Hub" />
      </MissingDependency>
      <MissingDependency>
        <Required type="1" schemaName="opportunitysalesprocess" displayName="Opportunity Sales Process" solution="msdynce_Sales (9.0.4.0076)">
          <package appName="msdynce_Sales" version="9.0.25073.10009">msdynce_SalesAnchor (9.0.25073.10009)</package>
        </Required>
        <Dependent type="80" schemaName="msdynce_saleshub" displayName="Sales Hub" />
      </MissingDependency>
      <MissingDependency>
        <Required type="1" schemaName="phonetocaseprocess" displayName="Phone To Case Process" solution="msdynce_Service (9.0.5.56)">
          <package appName="msdynce_Service" version="9.0.25073.1004">msdynce_ServiceAnchor (9.0.25073.1004)</package>
        </Required>
        <Dependent type="80" schemaName="msdynce_saleshub" displayName="Sales Hub" />
      </MissingDependency>
      <MissingDependency>
        <Required type="1" schemaName="powerpagessiteaifeedback" displayName="Power Pages Site AI Feedback" solution="PowerPages_RuntimeExtensions (1.1.2501.1)">
          <package appName="Power Pages Core Package" version="1.0.2506.181">PowerPages_Core (1.0.2506.181)</package>
        </Required>
        <Dependent type="1" schemaName="contact" displayName="Contact" />
      </MissingDependency>
      <MissingDependency>
        <Required type="1" schemaName="product" displayName="Product" solution="msdynce_ProductManagement (9.0.4.0066)">
          <package appName="msdynce_ProductManagement" version="9.0.25073.10001">msdynce_ProductManagementAnchor (9.0.25073.10001)</package>
        </Required>
        <Dependent type="80" schemaName="msdynce_saleshub" displayName="Sales Hub" />
      </MissingDependency>
      <MissingDependency>
        <Required type="1" schemaName="productpricelevel" displayName="Price List Item" solution="msdynce_ProductManagement (9.0.4.0066)">
          <package appName="msdynce_ProductManagement" version="9.0.25073.10001">msdynce_ProductManagementAnchor (9.0.25073.10001)</package>
        </Required>
        <Dependent type="80" schemaName="msdynce_saleshub" displayName="Sales Hub" />
      </MissingDependency>
      <MissingDependency>
        <Required type="1" schemaName="productsubstitute" displayName="Product Relationship" solution="msdynce_ProductManagement (9.0.4.0066)">
          <package appName="msdynce_ProductManagement" version="9.0.25073.10001">msdynce_ProductManagementAnchor (9.0.25073.10001)</package>
        </Required>
        <Dependent type="80" schemaName="msdynce_saleshub" displayName="Sales Hub" />
      </MissingDependency>
      <MissingDependency>
        <Required type="1" schemaName="quote" displayName="Quote" solution="msdynce_Sales (9.0.4.0076)">
          <package appName="msdynce_Sales" version="9.0.25073.10009">msdynce_SalesAnchor (9.0.25073.10009)</package>
        </Required>
        <Dependent type="1" schemaName="quote" displayName="Quote" />
      </MissingDependency>
      <MissingDependency>
        <Required type="1" schemaName="quote" displayName="Quote" solution="msdynce_Sales (9.0.4.0076)">
          <package appName="msdynce_Sales" version="9.0.25073.10009">msdynce_SalesAnchor (9.0.25073.10009)</package>
        </Required>
        <Dependent type="80" schemaName="msdynce_saleshub" displayName="Sales Hub" />
      </MissingDependency>
      <MissingDependency>
        <Required type="1" schemaName="quotedetail" displayName="Quote Product" solution="msdynce_Sales (9.0.4.0076)">
          <package appName="msdynce_Sales" version="9.0.25073.10009">msdynce_SalesAnchor (9.0.25073.10009)</package>
        </Required>
        <Dependent type="80" schemaName="msdynce_saleshub" displayName="Sales Hub" />
      </MissingDependency>
      <MissingDependency>
        <Required type="1" schemaName="salesorder" displayName="Order" solution="msdynce_Sales (9.0.4.0076)">
          <package appName="msdynce_Sales" version="9.0.25073.10009">msdynce_SalesAnchor (9.0.25073.10009)</package>
        </Required>
        <Dependent type="1" schemaName="salesorder" displayName="Order" />
      </MissingDependency>
      <MissingDependency>
        <Required type="1" schemaName="salesorder" displayName="Order" solution="msdynce_Sales (9.0.4.0076)">
          <package appName="msdynce_Sales" version="9.0.25073.10009">msdynce_SalesAnchor (9.0.25073.10009)</package>
        </Required>
        <Dependent type="80" schemaName="msdynce_saleshub" displayName="Sales Hub" />
      </MissingDependency>
      <MissingDependency>
        <Required type="1" schemaName="salesorderdetail" displayName="Order Product" solution="msdynce_Sales (9.0.4.0076)">
          <package appName="msdynce_Sales" version="9.0.25073.10009">msdynce_SalesAnchor (9.0.25073.10009)</package>
        </Required>
        <Dependent type="80" schemaName="msdynce_saleshub" displayName="Sales Hub" />
      </MissingDependency>
      <MissingDependency>
        <Required type="1" schemaName="territory" displayName="Territory" solution="msdynce_AppCommon (9.0.4.0066)">
          <package appName="msdynce_AppCommon" version="9.0.25073.10001">msdynce_AppCommonAnchor (9.0.25073.10001)</package>
        </Required>
        <Dependent type="80" schemaName="msdynce_saleshub" displayName="Sales Hub" />
      </MissingDependency>
      <MissingDependency>
        <Required type="1" schemaName="uom" displayName="Unit" solution="msdynce_ProductManagement (9.0.4.0066)">
          <package appName="msdynce_ProductManagement" version="9.0.25073.10001">msdynce_ProductManagementAnchor (9.0.25073.10001)</package>
        </Required>
        <Dependent type="80" schemaName="msdynce_saleshub" displayName="Sales Hub" />
      </MissingDependency>
      <MissingDependency>
        <Required type="1" schemaName="uomschedule" displayName="Unit Group" solution="msdynce_ProductManagement (9.0.4.0066)">
          <package appName="msdynce_ProductManagement" version="9.0.25073.10001">msdynce_ProductManagementAnchor (9.0.25073.10001)</package>
        </Required>
        <Dependent type="80" schemaName="msdynce_saleshub" displayName="Sales Hub" />
      </MissingDependency>
      <MissingDependency>
        <Required type="10" schemaName="adx_contact_externalidentity" displayName="adx_contact_externalidentity" parentSchemaName="contact" parentDisplayName="Contact" solution="PowerPages_RuntimeCore (1.0.2407.1)">
          <package appName="Power Pages Core Package" version="1.0.2506.181">PowerPages_Core (1.0.2506.181)</package>
        </Required>
        <Dependent type="60" displayName="Portal Contact (Enhanced)" parentDisplayName="Contact" id="{c1c97961-2d42-4103-abf8-2fe2bdf38224}" />
      </MissingDependency>
      <MissingDependency>
        <Required type="2" schemaName="defaultpricelevelid" displayName="Price List" parentSchemaName="account" parentDisplayName="Account" solution="msdynce_ProductManagement (9.0.4.0066)">
          <package appName="msdynce_ProductManagement" version="9.0.25073.10001">msdynce_ProductManagementAnchor (9.0.25073.10001)</package>
        </Required>
        <Dependent type="60" displayName="Information" parentDisplayName="Account" id="{b053a39a-041a-4356-acef-ddf00182762b}" />
      </MissingDependency>
      <MissingDependency>
        <Required type="2" schemaName="originatingleadid" displayName="Originating Lead" parentSchemaName="account" parentDisplayName="Account" solution="msdynce_LeadManagement (9.0.4.0066)">
          <package appName="msdynce_LeadManagement" version="9.0.25073.10001">msdynce_LeadManagementAnchor (9.0.25073.10001)</package>
        </Required>
        <Dependent type="60" displayName="Information" parentDisplayName="Account" id="{b053a39a-041a-4356-acef-ddf00182762b}" />
      </MissingDependency>
      <MissingDependency>
        <Required type="2" schemaName="territoryid" displayName="Territory" parentSchemaName="account" parentDisplayName="Account" solution="msdynce_Sales (9.0.4.0076)">
          <package appName="msdynce_Sales" version="9.0.25073.10009">msdynce_SalesAnchor (9.0.25073.10009)</package>
        </Required>
        <Dependent type="60" displayName="Information" parentDisplayName="Account" id="{b053a39a-041a-4356-acef-ddf00182762b}" />
      </MissingDependency>
      <MissingDependency>
        <Required type="2" schemaName="adx_identity_accessfailedcount" displayName="Access Failed Count" parentSchemaName="contact" parentDisplayName="Contact" solution="PowerPages_RuntimeCore (1.0.2407.1)">
          <package appName="Power Pages Core Package" version="1.0.2506.181">PowerPages_Core (1.0.2506.181)</package>
        </Required>
        <Dependent type="60" displayName="Portal Contact (Enhanced)" parentDisplayName="Contact" id="{c1c97961-2d42-4103-abf8-2fe2bdf38224}" />
      </MissingDependency>
      <MissingDependency>
        <Required type="2" schemaName="adx_identity_emailaddress1confirmed" displayName="Email Confirmed" parentSchemaName="contact" parentDisplayName="Contact" solution="PowerPages_RuntimeCore (1.0.2407.1)">
          <package appName="Power Pages Core Package" version="1.0.2506.181">PowerPages_Core (1.0.2506.181)</package>
        </Required>
        <Dependent type="60" displayName="Portal Contact (Enhanced)" parentDisplayName="Contact" id="{c1c97961-2d42-4103-abf8-2fe2bdf38224}" />
      </MissingDependency>
      <MissingDependency>
        <Required type="2" schemaName="adx_identity_locallogindisabled" displayName="Local Login Disabled" parentSchemaName="contact" parentDisplayName="Contact" solution="PowerPages_RuntimeCore (1.0.2407.1)">
          <package appName="Power Pages Core Package" version="1.0.2506.181">PowerPages_Core (1.0.2506.181)</package>
        </Required>
        <Dependent type="60" displayName="Portal Contact (Enhanced)" parentDisplayName="Contact" id="{c1c97961-2d42-4103-abf8-2fe2bdf38224}" />
      </MissingDependency>
      <MissingDependency>
        <Required type="2" schemaName="adx_identity_lockoutenabled" displayName="Lockout Enabled" parentSchemaName="contact" parentDisplayName="Contact" solution="PowerPages_RuntimeCore (1.0.2407.1)">
          <package appName="Power Pages Core Package" version="1.0.2506.181">PowerPages_Core (1.0.2506.181)</package>
        </Required>
        <Dependent type="60" displayName="Portal Contact (Enhanced)" parentDisplayName="Contact" id="{c1c97961-2d42-4103-abf8-2fe2bdf38224}" />
      </MissingDependency>
      <MissingDependency>
        <Required type="2" schemaName="adx_identity_lockoutenddate" displayName="Lockout End Date" parentSchemaName="contact" parentDisplayName="Contact" solution="PowerPages_RuntimeCore (1.0.2407.1)">
          <package appName="Power Pages Core Package" version="1.0.2506.181">PowerPages_Core (1.0.2506.181)</package>
        </Required>
        <Dependent type="60" displayName="Portal Contact (Enhanced)" parentDisplayName="Contact" id="{c1c97961-2d42-4103-abf8-2fe2bdf38224}" />
      </MissingDependency>
      <MissingDependency>
        <Required type="2" schemaName="adx_identity_logonenabled" displayName="Login Enabled" parentSchemaName="contact" parentDisplayName="Contact" solution="PowerPages_RuntimeCore (1.0.2407.1)">
          <package appName="Power Pages Core Package" version="1.0.2506.181">PowerPages_Core (1.0.2506.181)</package>
        </Required>
        <Dependent type="60" displayName="Portal Contact (Enhanced)" parentDisplayName="Contact" id="{c1c97961-2d42-4103-abf8-2fe2bdf38224}" />
      </MissingDependency>
      <MissingDependency>
        <Required type="2" schemaName="adx_identity_mobilephoneconfirmed" displayName="Mobile Phone Confirmed" parentSchemaName="contact" parentDisplayName="Contact" solution="PowerPages_RuntimeCore (1.0.2407.1)">
          <package appName="Power Pages Core Package" version="1.0.2506.181">PowerPages_Core (1.0.2506.181)</package>
        </Required>
        <Dependent type="60" displayName="Portal Contact (Enhanced)" parentDisplayName="Contact" id="{c1c97961-2d42-4103-abf8-2fe2bdf38224}" />
      </MissingDependency>
      <MissingDependency>
        <Required type="2" schemaName="adx_identity_securitystamp" displayName="Security Stamp" parentSchemaName="contact" parentDisplayName="Contact" solution="PowerPages_RuntimeCore (1.0.2407.1)">
          <package appName="Power Pages Core Package" version="1.0.2506.181">PowerPages_Core (1.0.2506.181)</package>
        </Required>
        <Dependent type="60" displayName="Portal Contact (Enhanced)" parentDisplayName="Contact" id="{c1c97961-2d42-4103-abf8-2fe2bdf38224}" />
      </MissingDependency>
      <MissingDependency>
        <Required type="2" schemaName="adx_identity_twofactorenabled" displayName="Two Factor Enabled" parentSchemaName="contact" parentDisplayName="Contact" solution="PowerPages_RuntimeCore (1.0.2407.1)">
          <package appName="Power Pages Core Package" version="1.0.2506.181">PowerPages_Core (1.0.2506.181)</package>
        </Required>
        <Dependent type="60" displayName="Portal Contact (Enhanced)" parentDisplayName="Contact" id="{c1c97961-2d42-4103-abf8-2fe2bdf38224}" />
      </MissingDependency>
      <MissingDependency>
        <Required type="2" schemaName="adx_identity_username" displayName="User Name" parentSchemaName="contact" parentDisplayName="Contact" solution="PowerPages_RuntimeCore (1.0.2407.1)">
          <package appName="Power Pages Core Package" version="1.0.2506.181">PowerPages_Core (1.0.2506.181)</package>
        </Required>
        <Dependent type="60" displayName="Portal Contact (Enhanced)" parentDisplayName="Contact" id="{c1c97961-2d42-4103-abf8-2fe2bdf38224}" />
      </MissingDependency>
      <MissingDependency>
        <Required type="2" schemaName="adx_organizationname" displayName="Organization Name" parentSchemaName="contact" parentDisplayName="Contact" solution="PowerPages_RuntimeCoreDependencies (1.0.2305.1)">
          <package appName="Power Pages Core Package" version="1.0.2506.181">PowerPages_Core (1.0.2506.181)</package>
        </Required>
        <Dependent type="60" displayName="Profile Web Form (Enhanced) - Japanese" parentDisplayName="Contact" id="{01124dd8-9bff-4cc0-bb33-ea9d943c3f9f}" />
      </MissingDependency>
      <MissingDependency>
        <Required type="2" schemaName="adx_organizationname" displayName="Organization Name" parentSchemaName="contact" parentDisplayName="Contact" solution="PowerPages_RuntimeCoreDependencies (1.0.2305.1)">
          <package appName="Power Pages Core Package" version="1.0.2506.181">PowerPages_Core (1.0.2506.181)</package>
        </Required>
        <Dependent type="60" displayName="Profile Web Form (Enhanced)" parentDisplayName="Contact" id="{bddc0100-0dbe-4562-aafe-31d08c8ab506}" />
      </MissingDependency>
      <MissingDependency>
        <Required type="2" schemaName="adx_publicprofilecopy" displayName="Public Profile Copy" parentSchemaName="contact" parentDisplayName="Contact" solution="PowerPages_RuntimeCore (1.0.2407.1)">
          <package appName="Power Pages Core Package" version="1.0.2506.181">PowerPages_Core (1.0.2506.181)</package>
        </Required>
        <Dependent type="60" displayName="Profile Web Form (Enhanced) - Japanese" parentDisplayName="Contact" id="{01124dd8-9bff-4cc0-bb33-ea9d943c3f9f}" />
      </MissingDependency>
      <MissingDependency>
        <Required type="2" schemaName="adx_publicprofilecopy" displayName="Public Profile Copy" parentSchemaName="contact" parentDisplayName="Contact" solution="PowerPages_RuntimeCore (1.0.2407.1)">
          <package appName="Power Pages Core Package" version="1.0.2506.181">PowerPages_Core (1.0.2506.181)</package>
        </Required>
        <Dependent type="60" displayName="Profile Web Form (Enhanced)" parentDisplayName="Contact" id="{bddc0100-0dbe-4562-aafe-31d08c8ab506}" />
      </MissingDependency>
      <MissingDependency>
        <Required type="2" schemaName="adx_timezone" displayName="Time Zone" parentSchemaName="contact" parentDisplayName="Contact" solution="PowerPages_RuntimeCoreDependencies (1.0.2305.1)">
          <package appName="Power Pages Core Package" version="1.0.2506.181">PowerPages_Core (1.0.2506.181)</package>
        </Required>
        <Dependent type="60" displayName="Portal Contact (Enhanced)" parentDisplayName="Contact" id="{c1c97961-2d42-4103-abf8-2fe2bdf38224}" />
      </MissingDependency>
      <MissingDependency>
        <Required type="2" schemaName="defaultpricelevelid" displayName="Price List" parentSchemaName="contact" parentDisplayName="Contact" solution="msdynce_ProductManagement (9.0.4.0066)">
          <package appName="msdynce_ProductManagement" version="9.0.25073.10001">msdynce_ProductManagementAnchor (9.0.25073.10001)</package>
        </Required>
        <Dependent type="60" displayName="Portal Contact (Enhanced)" parentDisplayName="Contact" id="{c1c97961-2d42-4103-abf8-2fe2bdf38224}" />
      </MissingDependency>
      <MissingDependency>
        <Required type="2" schemaName="mspp_userpreferredlcid" displayName="Preferred Language" parentSchemaName="contact" parentDisplayName="Contact" solution="PowerPages_RuntimeExtensions (1.1.2501.1)">
          <package appName="Power Pages Core Package" version="1.0.2506.181">PowerPages_Core (1.0.2506.181)</package>
        </Required>
        <Dependent type="60" displayName="Profile Web Form (Enhanced) - Japanese" parentDisplayName="Contact" id="{01124dd8-9bff-4cc0-bb33-ea9d943c3f9f}" />
      </MissingDependency>
      <MissingDependency>
        <Required type="2" schemaName="mspp_userpreferredlcid" displayName="Preferred Language" parentSchemaName="contact" parentDisplayName="Contact" solution="PowerPages_RuntimeExtensions (1.1.2501.1)">
          <package appName="Power Pages Core Package" version="1.0.2506.181">PowerPages_Core (1.0.2506.181)</package>
        </Required>
        <Dependent type="60" displayName="Profile Web Form (Enhanced)" parentDisplayName="Contact" id="{bddc0100-0dbe-4562-aafe-31d08c8ab506}" />
      </MissingDependency>
      <MissingDependency>
        <Required type="2" schemaName="msdyn_name" displayName="Segment name" parentSchemaName="msdyn_segment" parentDisplayName="Segment" solution="msdyn_segment (9.1.2507.3001)">
          <package appName="msdyn_AcceleratedSales" version="9.1.25073.10005">msdyn_AcceleratedSalesAnchor (9.1.25073.10005)</package>
        </Required>
        <Dependent type="10" schemaName="msdyn_msdyn_segment_account" displayName="msdyn_msdyn_segment_account" parentSchemaName="msdyn_segment" parentDisplayName="Segment" />
      </MissingDependency>
      <MissingDependency>
        <Required type="2" schemaName="msdyn_name" displayName="Segment name" parentSchemaName="msdyn_segment" parentDisplayName="Segment" solution="msdyn_segment (9.1.2507.3001)">
          <package appName="msdyn_AcceleratedSales" version="9.1.25073.10005">msdyn_AcceleratedSalesAnchor (9.1.25073.10005)</package>
        </Required>
        <Dependent type="10" schemaName="msdyn_msdyn_segment_contact" displayName="msdyn_msdyn_segment_contact" parentSchemaName="msdyn_segment" parentDisplayName="Segment" />
      </MissingDependency>
      <MissingDependency>
        <Required type="2" schemaName="createdon" displayName="Created On" parentSchemaName="quote" parentDisplayName="Quote" solution="msdynce_Sales (9.0.4.0076)">
          <package appName="msdynce_Sales" version="9.0.25073.10009">msdynce_SalesAnchor (9.0.25073.10009)</package>
        </Required>
        <Dependent type="60" displayName="Quotes Dashboard" parentDisplayName="Quote" id="{db86e637-863c-e711-80e0-00155d871bb4}" />
      </MissingDependency>
      <MissingDependency>
        <Required type="2" schemaName="createdon" displayName="Created On" parentSchemaName="salesorder" parentDisplayName="Order" solution="msdynce_Sales (9.0.4.0076)">
          <package appName="msdynce_Sales" version="9.0.25073.10009">msdynce_SalesAnchor (9.0.25073.10009)</package>
        </Required>
        <Dependent type="60" displayName="Orders Dashboard" parentDisplayName="Order" id="{d4f40772-073e-e711-80e1-00155d871bb4}" />
      </MissingDependency>
      <MissingDependency>
        <Required type="26" schemaName="All Quotes" displayName="All Quotes" parentSchemaName="quote" parentDisplayName="Quote" solution="msdynce_Sales (9.0.4.0076)" id="{00000000-0000-0000-00aa-000010013100}">
          <package appName="msdynce_Sales" version="9.0.25073.10009">msdynce_SalesAnchor (9.0.25073.10009)</package>
        </Required>
        <Dependent type="60" displayName="Quotes Dashboard" parentDisplayName="Quote" id="{db86e637-863c-e711-80e0-00155d871bb4}" />
      </MissingDependency>
      <MissingDependency>
        <Required type="26" schemaName="My Quotes" displayName="My Quotes" parentSchemaName="quote" parentDisplayName="Quote" solution="msdynce_Sales (9.0.4.0076)" id="{008fbb15-98e9-4c5d-a81a-e685ff8ccc2c}">
          <package appName="msdynce_Sales" version="9.0.25073.10009">msdynce_SalesAnchor (9.0.25073.10009)</package>
        </Required>
        <Dependent type="60" displayName="Quotes Dashboard" parentDisplayName="Quote" id="{db86e637-863c-e711-80e0-00155d871bb4}" />
      </MissingDependency>
      <MissingDependency>
        <Required type="26" schemaName="All Orders" displayName="All Orders" parentSchemaName="salesorder" parentDisplayName="Order" solution="msdynce_Sales (9.0.4.0076)" id="{4b2438f6-4949-484b-a272-6f694a2b2fae}">
          <package appName="msdynce_Sales" version="9.0.25073.10009">msdynce_SalesAnchor (9.0.25073.10009)</package>
        </Required>
        <Dependent type="60" displayName="Orders Dashboard" parentDisplayName="Order" id="{d4f40772-073e-e711-80e1-00155d871bb4}" />
      </MissingDependency>
      <MissingDependency>
        <Required type="26" schemaName="Non Cancelled Orders" displayName="Non Cancelled Orders" parentSchemaName="salesorder" parentDisplayName="Order" solution="msdynce_Sales (9.0.4.0076)" id="{6428e515-565f-df11-ae90-00155d2e3002}">
          <package appName="msdynce_Sales" version="9.0.25073.10009">msdynce_SalesAnchor (9.0.25073.10009)</package>
        </Required>
        <Dependent type="60" displayName="Orders Dashboard" parentDisplayName="Order" id="{d4f40772-073e-e711-80e1-00155d871bb4}" />
      </MissingDependency>
      <MissingDependency>
        <Required type="26" schemaName="Active Web Roles" displayName="Active Web Roles" parentSchemaName="mspp_webrole" parentDisplayName="Web Role" solution="PowerPages_Apps (1.0.2505.1)" id="{735de4f0-c287-42eb-b5e6-2f01a75a40fb}">
          <package appName="Power Pages Core Package" version="1.0.2506.181">PowerPages_Core (1.0.2506.181)</package>
        </Required>
        <Dependent type="60" displayName="Portal Contact (Enhanced)" parentDisplayName="Contact" id="{c1c97961-2d42-4103-abf8-2fe2bdf38224}" />
      </MissingDependency>
      <MissingDependency>
        <Required type="26" schemaName="Active External Identities" displayName="Active External Identities" parentSchemaName="adx_externalidentity" parentDisplayName="External Identity" solution="PowerPages_RuntimeCore (1.0.2407.1)" id="{93fe9ed1-cabf-4755-9f63-4f3f989084e6}">
          <package appName="Power Pages Core Package" version="1.0.2506.181">PowerPages_Core (1.0.2506.181)</package>
        </Required>
        <Dependent type="60" displayName="Portal Contact (Enhanced)" parentDisplayName="Contact" id="{c1c97961-2d42-4103-abf8-2fe2bdf38224}" />
      </MissingDependency>
      <MissingDependency>
        <Required type="26" schemaName="All text messages" displayName="All text messages" parentSchemaName="msdyn_ocliveworkitem" parentDisplayName="Conversation" solution="msdyn_SalesOmniChannel (9.1.25073.10005)" id="{a6960a25-1a4a-ed11-bba2-000d3a98dd1f}">
          <package appName="msdyn_AcceleratedSales" version="9.1.25073.10005">msdyn_AcceleratedSalesAnchor (9.1.25073.10005)</package>
        </Required>
        <Dependent type="80" schemaName="msdynce_saleshub" displayName="Sales Hub" />
      </MissingDependency>
      <MissingDependency>
        <Required type="26" schemaName="My text messages" displayName="My text messages" parentSchemaName="msdyn_ocliveworkitem" parentDisplayName="Conversation" solution="msdyn_SalesOmniChannel (9.1.25073.10005)" id="{b7a71b36-1a4a-fe22-bba2-111d3a98dd1f}">
          <package appName="msdyn_AcceleratedSales" version="9.1.25073.10005">msdyn_AcceleratedSalesAnchor (9.1.25073.10005)</package>
        </Required>
        <Dependent type="80" schemaName="msdynce_saleshub" displayName="Sales Hub" />
      </MissingDependency>
      <MissingDependency>
        <Required type="26" schemaName="My Orders" displayName="My Orders" parentSchemaName="salesorder" parentDisplayName="Order" solution="msdynce_Sales (9.0.4.0076)" id="{bc29f750-12a0-4eb5-ac08-698ef528f921}">
          <package appName="msdynce_Sales" version="9.0.25073.10009">msdynce_SalesAnchor (9.0.25073.10009)</package>
        </Required>
        <Dependent type="60" displayName="Orders Dashboard" parentDisplayName="Order" id="{d4f40772-073e-e711-80e1-00155d871bb4}" />
      </MissingDependency>
      <MissingDependency>
        <Required type="26" schemaName="My unread text messages" displayName="My unread text messages" parentSchemaName="msdyn_ocliveworkitem" parentDisplayName="Conversation" solution="msdyn_SalesOmniChannel (9.1.25073.10005)" id="{c8b82c47-9a9a-22fe-2abb-d1114b09aa2c}">
          <package appName="msdyn_AcceleratedSales" version="9.1.25073.10005">msdyn_AcceleratedSalesAnchor (9.1.25073.10005)</package>
        </Required>
        <Dependent type="80" schemaName="msdynce_saleshub" displayName="Sales Hub" />
      </MissingDependency>
      <MissingDependency>
        <Required type="26" schemaName="Active Quotes" displayName="Active Quotes" parentSchemaName="quote" parentDisplayName="Quote" solution="msdynce_Sales (9.0.4.0076)" id="{cb46d7d1-f9d4-40b7-8a4c-187232647255}">
          <package appName="msdynce_Sales" version="9.0.25073.10009">msdynce_SalesAnchor (9.0.25073.10009)</package>
        </Required>
        <Dependent type="60" displayName="Quotes Dashboard" parentDisplayName="Quote" id="{db86e637-863c-e711-80e0-00155d871bb4}" />
      </MissingDependency>
      <MissingDependency>
        <Required type="26" schemaName="Active Orders" displayName="Active Orders" parentSchemaName="salesorder" parentDisplayName="Order" solution="msdynce_Sales (9.0.4.0076)" id="{e6f001df-303c-447b-b184-0f65cd00c3f9}">
          <package appName="msdynce_Sales" version="9.0.25073.10009">msdynce_SalesAnchor (9.0.25073.10009)</package>
        </Required>
        <Dependent type="60" displayName="Orders Dashboard" parentDisplayName="Order" id="{d4f40772-073e-e711-80e1-00155d871bb4}" />
      </MissingDependency>
      <MissingDependency>
        <Required type="29" displayName="Phone to Case Process" solution="msdynce_Service (9.0.5.56)" id="{0ffbcde4-61c1-4355-aa89-aa1d7b2b8792}">
          <package appName="msdynce_Service" version="9.0.25073.1004">msdynce_ServiceAnchor (9.0.25073.1004)</package>
        </Required>
        <Dependent type="80" schemaName="msdynce_saleshub" displayName="Sales Hub" />
      </MissingDependency>
      <MissingDependency>
        <Required type="29" displayName="Sales Process" solution="msdynce_Sales (9.0.4.0076)" id="{3e8ebee6-a2bc-4451-9c5f-b146b085413a}">
          <package appName="msdynce_Sales" version="9.0.25073.10009">msdynce_SalesAnchor (9.0.25073.10009)</package>
        </Required>
        <Dependent type="80" schemaName="msdynce_saleshub" displayName="Sales Hub" />
      </MissingDependency>
      <MissingDependency>
        <Required type="29" displayName="Lead to Opportunity Sales Process" solution="msdynce_Sales (9.0.4.0076)" id="{919e14d1-6489-4852-abd0-a63a6ecaac5d}">
          <package appName="msdynce_Sales" version="9.0.25073.10009">msdynce_SalesAnchor (9.0.25073.10009)</package>
        </Required>
        <Dependent type="80" schemaName="msdynce_saleshub" displayName="Sales Hub" />
      </MissingDependency>
      <MissingDependency>
        <Required type="59" schemaName="Orders by Status Reason" displayName="Orders by Status Reason" parentSchemaName="salesorder" parentDisplayName="Order" solution="msdynce_Sales (9.0.4.0076)" id="{1eb5c9ca-063e-e711-80e1-00155d871bb4}">
          <package appName="msdynce_Sales" version="9.0.25073.10009">msdynce_SalesAnchor (9.0.25073.10009)</package>
        </Required>
        <Dependent type="60" displayName="Orders Dashboard" parentDisplayName="Order" id="{d4f40772-073e-e711-80e1-00155d871bb4}" />
      </MissingDependency>
      <MissingDependency>
        <Required type="59" schemaName="Orders by Customer" displayName="Orders by Customer" parentSchemaName="salesorder" parentDisplayName="Order" solution="msdynce_Sales (9.0.4.0076)" id="{26842a29-063e-e711-80e1-00155d871bb4}">
          <package appName="msdynce_Sales" version="9.0.25073.10009">msdynce_SalesAnchor (9.0.25073.10009)</package>
        </Required>
        <Dependent type="60" displayName="Orders Dashboard" parentDisplayName="Order" id="{d4f40772-073e-e711-80e1-00155d871bb4}" />
      </MissingDependency>
      <MissingDependency>
        <Required type="59" schemaName="Orders by Pricelist" displayName="Orders by Pricelist" parentSchemaName="salesorder" parentDisplayName="Order" solution="msdynce_Sales (9.0.4.0076)" id="{36552794-063e-e711-80e1-00155d871bb4}">
          <package appName="msdynce_Sales" version="9.0.25073.10009">msdynce_SalesAnchor (9.0.25073.10009)</package>
        </Required>
        <Dependent type="60" displayName="Orders Dashboard" parentDisplayName="Order" id="{d4f40772-073e-e711-80e1-00155d871bb4}" />
      </MissingDependency>
      <MissingDependency>
        <Required type="59" schemaName="Quotes by Customer" displayName="Quotes by Customer" parentSchemaName="quote" parentDisplayName="Quote" solution="msdynce_Sales (9.0.4.0076)" id="{3ab1d76a-853c-e711-80e0-00155d871bb4}">
          <package appName="msdynce_Sales" version="9.0.25073.10009">msdynce_SalesAnchor (9.0.25073.10009)</package>
        </Required>
        <Dependent type="60" displayName="Quotes Dashboard" parentDisplayName="Quote" id="{db86e637-863c-e711-80e0-00155d871bb4}" />
      </MissingDependency>
      <MissingDependency>
        <Required type="59" schemaName="Orders by Owner" displayName="Orders by Owner" parentSchemaName="salesorder" parentDisplayName="Order" solution="msdynce_Sales (9.0.4.0076)" id="{4821c95e-063e-e711-80e1-00155d871bb4}">
          <package appName="msdynce_Sales" version="9.0.25073.10009">msdynce_SalesAnchor (9.0.25073.10009)</package>
        </Required>
        <Dependent type="60" displayName="Orders Dashboard" parentDisplayName="Order" id="{d4f40772-073e-e711-80e1-00155d871bb4}" />
      </MissingDependency>
      <MissingDependency>
        <Required type="59" schemaName="Quotes by Pricelist" displayName="Quotes by Pricelist" parentSchemaName="quote" parentDisplayName="Quote" solution="msdynce_Sales (9.0.4.0076)" id="{512436b4-853c-e711-80e0-00155d871bb4}">
          <package appName="msdynce_Sales" version="9.0.25073.10009">msdynce_SalesAnchor (9.0.25073.10009)</package>
        </Required>
        <Dependent type="60" displayName="Quotes Dashboard" parentDisplayName="Quote" id="{db86e637-863c-e711-80e0-00155d871bb4}" />
      </MissingDependency>
      <MissingDependency>
        <Required type="59" schemaName="Quotes by Status Reason" displayName="Quotes by Status Reason" parentSchemaName="quote" parentDisplayName="Quote" solution="msdynce_Sales (9.0.4.0076)" id="{d42a5af1-853c-e711-80e0-00155d871bb4}">
          <package appName="msdynce_Sales" version="9.0.25073.10009">msdynce_SalesAnchor (9.0.25073.10009)</package>
        </Required>
        <Dependent type="60" displayName="Quotes Dashboard" parentDisplayName="Quote" id="{db86e637-863c-e711-80e0-00155d871bb4}" />
      </MissingDependency>
      <MissingDependency>
        <Required type="59" schemaName="Quotes by Owner" displayName="Quotes by Owner" parentSchemaName="quote" parentDisplayName="Quote" solution="msdynce_Sales (9.0.4.0076)" id="{eef5a58e-853c-e711-80e0-00155d871bb4}">
          <package appName="msdynce_Sales" version="9.0.25073.10009">msdynce_SalesAnchor (9.0.25073.10009)</package>
        </Required>
        <Dependent type="60" displayName="Quotes Dashboard" parentDisplayName="Quote" id="{db86e637-863c-e711-80e0-00155d871bb4}" />
      </MissingDependency>
      <MissingDependency>
        <Required type="60" displayName="Profile Web Form (Enhanced) - Japanese" parentDisplayName="Contact" solution="PowerPages_RuntimeCore (1.0.2407.1)" id="{01124dd8-9bff-4cc0-bb33-ea9d943c3f9f}">
          <package appName="Power Pages Core Package" version="1.0.2506.181">PowerPages_Core (1.0.2506.181)</package>
        </Required>
        <Dependent type="60" displayName="Profile Web Form (Enhanced) - Japanese" parentDisplayName="Contact" id="{01124dd8-9bff-4cc0-bb33-ea9d943c3f9f}" />
      </MissingDependency>
      <MissingDependency>
        <Required type="60" displayName="Sales Performance Dashboard" solution="msdynce_Sales (9.0.4.0076)" id="{25b754f5-7563-df11-ae90-00155d2e3002}">
          <package appName="msdynce_Sales" version="9.0.25073.10009">msdynce_SalesAnchor (9.0.25073.10009)</package>
        </Required>
        <Dependent type="80" schemaName="msdynce_saleshub" displayName="Sales Hub" />
      </MissingDependency>
      <MissingDependency>
        <Required type="60" displayName="Sales Activity Social Dashboard" solution="msdynce_Sales (9.0.4.0076)" id="{2701de60-8f2a-48a4-8262-4a35ca7441fa}">
          <package appName="msdynce_Sales" version="9.0.25073.10009">msdynce_SalesAnchor (9.0.25073.10009)</package>
        </Required>
        <Dependent type="80" schemaName="msdynce_saleshub" displayName="Sales Hub" />
      </MissingDependency>
      <MissingDependency>
        <Required type="60" displayName="Sales Activity Dashboard" solution="msdynce_Sales (9.0.4.0076)" id="{45f88f83-0e67-443b-bd05-81d49719f6b1}">
          <package appName="msdynce_Sales" version="9.0.25073.10009">msdynce_SalesAnchor (9.0.25073.10009)</package>
        </Required>
        <Dependent type="80" schemaName="msdynce_saleshub" displayName="Sales Hub" />
      </MissingDependency>
      <MissingDependency>
        <Required type="60" displayName="Information" parentDisplayName="Contact" solution="msdynce_AppCommon (9.0.4.0066)" id="{894cc46a-b0cb-4ab0-8bf6-200544e46a2d}">
          <package appName="msdynce_AppCommon" version="9.0.25073.10001">msdynce_AppCommonAnchor (9.0.25073.10001)</package>
        </Required>
        <Dependent type="60" displayName="Information" parentDisplayName="Contact" id="{894cc46a-b0cb-4ab0-8bf6-200544e46a2d}" />
      </MissingDependency>
      <MissingDependency>
        <Required type="60" displayName="Information" parentDisplayName="Account" solution="msdynce_AppCommon (9.0.4.0066)" id="{b053a39a-041a-4356-acef-ddf00182762b}">
          <package appName="msdynce_AppCommon" version="9.0.25073.10001">msdynce_AppCommonAnchor (9.0.25073.10001)</package>
        </Required>
        <Dependent type="60" displayName="Information" parentDisplayName="Account" id="{b053a39a-041a-4356-acef-ddf00182762b}" />
      </MissingDependency>
      <MissingDependency>
        <Required type="60" displayName="Profile Web Form (Enhanced)" parentDisplayName="Contact" solution="PowerPages_RuntimeCore (1.0.2407.1)" id="{bddc0100-0dbe-4562-aafe-31d08c8ab506}">
          <package appName="Power Pages Core Package" version="1.0.2506.181">PowerPages_Core (1.0.2506.181)</package>
        </Required>
        <Dependent type="60" displayName="Profile Web Form (Enhanced)" parentDisplayName="Contact" id="{bddc0100-0dbe-4562-aafe-31d08c8ab506}" />
      </MissingDependency>
      <MissingDependency>
        <Required type="60" displayName="Portal Contact (Enhanced)" parentDisplayName="Contact" solution="PowerPages_RuntimeCore (1.0.2407.1)" id="{c1c97961-2d42-4103-abf8-2fe2bdf38224}">
          <package appName="Power Pages Core Package" version="1.0.2506.181">PowerPages_Core (1.0.2506.181)</package>
        </Required>
        <Dependent type="60" displayName="Portal Contact (Enhanced)" parentDisplayName="Contact" id="{c1c97961-2d42-4103-abf8-2fe2bdf38224}" />
      </MissingDependency>
      <MissingDependency>
        <Required type="60" displayName="Sales Dashboard" solution="msdynce_Sales (9.0.4.0076)" id="{d1f511a8-1ead-e211-bb72-00155da9a201}">
          <package appName="msdynce_Sales" version="9.0.25073.10009">msdynce_SalesAnchor (9.0.25073.10009)</package>
        </Required>
        <Dependent type="80" schemaName="msdynce_saleshub" displayName="Sales Hub" />
      </MissingDependency>
      <MissingDependency>
        <Required type="60" displayName="Orders Dashboard" parentDisplayName="Order" solution="msdynce_Sales (9.0.4.0076)" id="{d4f40772-073e-e711-80e1-00155d871bb4}">
          <package appName="msdynce_Sales" version="9.0.25073.10009">msdynce_SalesAnchor (9.0.25073.10009)</package>
        </Required>
        <Dependent type="60" displayName="Orders Dashboard" parentDisplayName="Order" id="{d4f40772-073e-e711-80e1-00155d871bb4}" />
      </MissingDependency>
      <MissingDependency>
        <Required type="60" displayName="Invite Web Form" parentDisplayName="Contact" solution="PowerPages_RuntimeCore (1.0.2407.1)" id="{d6190b35-9474-4098-9698-33f6627eb3bf}">
          <package appName="Power Pages Core Package" version="1.0.2506.181">PowerPages_Core (1.0.2506.181)</package>
        </Required>
        <Dependent type="60" displayName="Invite Web Form" parentDisplayName="Contact" id="{d6190b35-9474-4098-9698-33f6627eb3bf}" />
      </MissingDependency>
      <MissingDependency>
        <Required type="60" displayName="Quotes Dashboard" parentDisplayName="Quote" solution="msdynce_Sales (9.0.4.0076)" id="{db86e637-863c-e711-80e0-00155d871bb4}">
          <package appName="msdynce_Sales" version="9.0.25073.10009">msdynce_SalesAnchor (9.0.25073.10009)</package>
        </Required>
        <Dependent type="60" displayName="Quotes Dashboard" parentDisplayName="Quote" id="{db86e637-863c-e711-80e0-00155d871bb4}" />
      </MissingDependency>
      <MissingDependency>
        <Required type="61" schemaName="adx_portalcomment_form.js" displayName="adx_portalcomment_form.js" solution="PowerPages_RuntimeCore (1.0.2407.1)">
          <package appName="Power Pages Core Package" version="1.0.2506.181">PowerPages_Core (1.0.2506.181)</package>
        </Required>
        <Dependent type="61" schemaName="adx_portalcomment_form.js" displayName="adx_portalcomment_form.js" />
      </MissingDependency>
      <MissingDependency>
        <Required type="61" schemaName="AppCommon/Contact/Contact_main_system_library.js" displayName="AppCommon/Contact/Contact_main_system_library.js" solution="msdynce_AppCommon (9.0.4.0066)">
          <package appName="msdynce_AppCommon" version="9.0.25073.10001">msdynce_AppCommonAnchor (9.0.25073.10001)</package>
        </Required>
        <Dependent type="60" displayName="Profile Web Form (Enhanced) - Japanese" parentDisplayName="Contact" id="{01124dd8-9bff-4cc0-bb33-ea9d943c3f9f}" />
      </MissingDependency>
      <MissingDependency>
        <Required type="61" schemaName="AppCommon/Contact/Contact_main_system_library.js" displayName="AppCommon/Contact/Contact_main_system_library.js" solution="msdynce_AppCommon (9.0.4.0066)">
          <package appName="msdynce_AppCommon" version="9.0.25073.10001">msdynce_AppCommonAnchor (9.0.25073.10001)</package>
        </Required>
        <Dependent type="60" displayName="Information" parentDisplayName="Contact" id="{894cc46a-b0cb-4ab0-8bf6-200544e46a2d}" />
      </MissingDependency>
      <MissingDependency>
        <Required type="61" schemaName="AppCommon/Contact/Contact_main_system_library.js" displayName="AppCommon/Contact/Contact_main_system_library.js" solution="msdynce_AppCommon (9.0.4.0066)">
          <package appName="msdynce_AppCommon" version="9.0.25073.10001">msdynce_AppCommonAnchor (9.0.25073.10001)</package>
        </Required>
        <Dependent type="60" displayName="Profile Web Form (Enhanced)" parentDisplayName="Contact" id="{bddc0100-0dbe-4562-aafe-31d08c8ab506}" />
      </MissingDependency>
      <MissingDependency>
        <Required type="61" schemaName="AppCommon/Contact/Contact_main_system_library.js" displayName="AppCommon/Contact/Contact_main_system_library.js" solution="msdynce_AppCommon (9.0.4.0066)">
          <package appName="msdynce_AppCommon" version="9.0.25073.10001">msdynce_AppCommonAnchor (9.0.25073.10001)</package>
        </Required>
        <Dependent type="60" displayName="Portal Contact (Enhanced)" parentDisplayName="Contact" id="{c1c97961-2d42-4103-abf8-2fe2bdf38224}" />
      </MissingDependency>
      <MissingDependency>
        <Required type="61" schemaName="msa_bingmaps/adx_bingmapsvalidation.js" displayName="msa_bingmaps/adx_bingmapsvalidation.js" solution="PowerPages_RuntimeCoreDependencies (1.0.2305.1)">
          <package appName="Power Pages Core Package" version="1.0.2506.181">PowerPages_Core (1.0.2506.181)</package>
        </Required>
        <Dependent type="61" schemaName="msa_bingmaps/adx_bingmapsvalidation.js" displayName="msa_bingmaps/adx_bingmapsvalidation.js" />
      </MissingDependency>
      <MissingDependency>
        <Required type="61" schemaName="msdyn_/ActivityFeeds.Form.js" displayName="msdyn_/ActivityFeeds.Form.js" solution="ActivityFeedsCore (9.0.0.0011)">
          <package appName="ActivityFeedsCore" version="9.0.0.0011">ActivityFeedsCore (9.0.0.0011)</package>
        </Required>
        <Dependent type="60" displayName="Profile Web Form (Enhanced) - Japanese" parentDisplayName="Contact" id="{01124dd8-9bff-4cc0-bb33-ea9d943c3f9f}" />
      </MissingDependency>
      <MissingDependency>
        <Required type="61" schemaName="msdyn_/ActivityFeeds.Form.js" displayName="msdyn_/ActivityFeeds.Form.js" solution="ActivityFeedsCore (9.0.0.0011)">
          <package appName="ActivityFeedsCore" version="9.0.0.0011">ActivityFeedsCore (9.0.0.0011)</package>
        </Required>
        <Dependent type="60" displayName="Information" parentDisplayName="Contact" id="{894cc46a-b0cb-4ab0-8bf6-200544e46a2d}" />
      </MissingDependency>
      <MissingDependency>
        <Required type="61" schemaName="msdyn_/ActivityFeeds.Form.js" displayName="msdyn_/ActivityFeeds.Form.js" solution="ActivityFeedsCore (9.0.0.0011)">
          <package appName="ActivityFeedsCore" version="9.0.0.0011">ActivityFeedsCore (9.0.0.0011)</package>
        </Required>
        <Dependent type="60" displayName="Information" parentDisplayName="Account" id="{b053a39a-041a-4356-acef-ddf00182762b}" />
      </MissingDependency>
      <MissingDependency>
        <Required type="61" schemaName="msdyn_/ActivityFeeds.Form.js" displayName="msdyn_/ActivityFeeds.Form.js" solution="ActivityFeedsCore (9.0.0.0011)">
          <package appName="ActivityFeedsCore" version="9.0.0.0011">ActivityFeedsCore (9.0.0.0011)</package>
        </Required>
        <Dependent type="60" displayName="Profile Web Form (Enhanced)" parentDisplayName="Contact" id="{bddc0100-0dbe-4562-aafe-31d08c8ab506}" />
      </MissingDependency>
      <MissingDependency>
        <Required type="61" schemaName="msdyn_/ActivityFeeds.Form.js" displayName="msdyn_/ActivityFeeds.Form.js" solution="ActivityFeedsCore (9.0.0.0011)">
          <package appName="ActivityFeedsCore" version="9.0.0.0011">ActivityFeedsCore (9.0.0.0011)</package>
        </Required>
        <Dependent type="60" displayName="Portal Contact (Enhanced)" parentDisplayName="Contact" id="{c1c97961-2d42-4103-abf8-2fe2bdf38224}" />
      </MissingDependency>
      <MissingDependency>
        <Required type="61" schemaName="msdyn_/ActivityFeeds.Form.js" displayName="msdyn_/ActivityFeeds.Form.js" solution="ActivityFeedsCore (9.0.0.0011)">
          <package appName="ActivityFeedsCore" version="9.0.0.0011">ActivityFeedsCore (9.0.0.0011)</package>
        </Required>
        <Dependent type="60" displayName="Invite Web Form" parentDisplayName="Contact" id="{d6190b35-9474-4098-9698-33f6627eb3bf}" />
      </MissingDependency>
      <MissingDependency>
        <Required type="61" schemaName="msdyn_/RecordWall.htm" displayName="msdyn_/RecordWall.htm" solution="ActivityFeedsCore (9.0.0.0011)">
          <package appName="ActivityFeedsCore" version="9.0.0.0011">ActivityFeedsCore (9.0.0.0011)</package>
        </Required>
        <Dependent type="60" displayName="Profile Web Form (Enhanced) - Japanese" parentDisplayName="Contact" id="{01124dd8-9bff-4cc0-bb33-ea9d943c3f9f}" />
      </MissingDependency>
      <MissingDependency>
        <Required type="61" schemaName="msdyn_/RecordWall.htm" displayName="msdyn_/RecordWall.htm" solution="ActivityFeedsCore (9.0.0.0011)">
          <package appName="ActivityFeedsCore" version="9.0.0.0011">ActivityFeedsCore (9.0.0.0011)</package>
        </Required>
        <Dependent type="60" displayName="Information" parentDisplayName="Contact" id="{894cc46a-b0cb-4ab0-8bf6-200544e46a2d}" />
      </MissingDependency>
      <MissingDependency>
        <Required type="61" schemaName="msdyn_/RecordWall.htm" displayName="msdyn_/RecordWall.htm" solution="ActivityFeedsCore (9.0.0.0011)">
          <package appName="ActivityFeedsCore" version="9.0.0.0011">ActivityFeedsCore (9.0.0.0011)</package>
        </Required>
        <Dependent type="60" displayName="Information" parentDisplayName="Account" id="{b053a39a-041a-4356-acef-ddf00182762b}" />
      </MissingDependency>
      <MissingDependency>
        <Required type="61" schemaName="msdyn_/RecordWall.htm" displayName="msdyn_/RecordWall.htm" solution="ActivityFeedsCore (9.0.0.0011)">
          <package appName="ActivityFeedsCore" version="9.0.0.0011">ActivityFeedsCore (9.0.0.0011)</package>
        </Required>
        <Dependent type="60" displayName="Profile Web Form (Enhanced)" parentDisplayName="Contact" id="{bddc0100-0dbe-4562-aafe-31d08c8ab506}" />
      </MissingDependency>
      <MissingDependency>
        <Required type="61" schemaName="msdyn_/RecordWall.htm" displayName="msdyn_/RecordWall.htm" solution="ActivityFeedsCore (9.0.0.0011)">
          <package appName="ActivityFeedsCore" version="9.0.0.0011">ActivityFeedsCore (9.0.0.0011)</package>
        </Required>
        <Dependent type="60" displayName="Portal Contact (Enhanced)" parentDisplayName="Contact" id="{c1c97961-2d42-4103-abf8-2fe2bdf38224}" />
      </MissingDependency>
      <MissingDependency>
        <Required type="61" schemaName="msdyn_/RecordWall.htm" displayName="msdyn_/RecordWall.htm" solution="ActivityFeedsCore (9.0.0.0011)">
          <package appName="ActivityFeedsCore" version="9.0.0.0011">ActivityFeedsCore (9.0.0.0011)</package>
        </Required>
        <Dependent type="60" displayName="Invite Web Form" parentDisplayName="Contact" id="{d6190b35-9474-4098-9698-33f6627eb3bf}" />
      </MissingDependency>
      <MissingDependency>
        <Required type="61" schemaName="msdyn_Dynamics_icons_Sales" displayName="msdyn_Dynamics_icons_Sales" solution="msdyn_SalesApp (9.0.25073.10001)">
          <package appName="msdynce_SalesInsights" version="9.0.25073.10002">msdynce_SalesInsightsAnchor (9.0.25073.10002)</package>
        </Required>
        <Dependent type="80" schemaName="msdynce_saleshub" displayName="Sales Hub" />
      </MissingDependency>
      <MissingDependency>
        <Required type="61" schemaName="mspp_entities/subgrid_filtering.js" displayName="mspp_entities/subgrid_filtering.js" solution="PowerPages_AppResources (1.0.2505.0)">
          <package appName="Power Pages Core Package" version="1.0.2506.181">PowerPages_Core (1.0.2506.181)</package>
        </Required>
        <Dependent type="60" displayName="Portal Contact (Enhanced)" parentDisplayName="Contact" id="{c1c97961-2d42-4103-abf8-2fe2bdf38224}" />
      </MissingDependency>
      <MissingDependency>
        <Required type="62" schemaName="SalesHubSitemap" solution="msdyn_SalesApp (9.0.25073.10001)">
          <package appName="msdynce_SalesInsights" version="9.0.25073.10002">msdynce_SalesInsightsAnchor (9.0.25073.10002)</package>
        </Required>
        <Dependent type="80" schemaName="msdynce_saleshub" displayName="Sales Hub" />
      </MissingDependency>
      <MissingDependency>
        <Required type="80" schemaName="msdynce_saleshub" displayName="Sales Hub" solution="msdyn_SalesApp (9.0.25073.10001)">
          <package appName="msdynce_SalesInsights" version="9.0.25073.10002">msdynce_SalesInsightsAnchor (9.0.25073.10002)</package>
        </Required>
        <Dependent type="80" schemaName="msdynce_saleshub" displayName="Sales Hub" />
      </MissingDependency>
      <MissingDependency>
        <Required type="connectionreference" displayName="new_sharedoffice365_aca53" solution="Active" id.connectionreferencelogicalname="new_sharedoffice365_aca53" />
        <Dependent type="29" displayName="Audit | OnDemand | GetAuditLogsAndUploadToSharepoint-V10" id="{33e0cc89-1463-f011-bec2-7c1e527756ba}" />
      </MissingDependency>
      <MissingDependency>
        <Required type="connectionreference" displayName="new_sharedsharepointonline_a89c0" solution="Active" id.connectionreferencelogicalname="new_sharedsharepointonline_a89c0" />
        <Dependent type="29" displayName="Audit | OnDemand | GetAuditLogsAndUploadToSharepoint-V10" id="{33e0cc89-1463-f011-bec2-7c1e527756ba}" />
      </MissingDependency>
      <MissingDependency>
        <Required type="connectionreference" displayName="zp_sharedwebcontents_973b1" solution="Active" id.connectionreferencelogicalname="zp_sharedwebcontents_973b1" />
        <Dependent type="29" displayName="Audit | OnDemand | GetAuditLogsAndUploadToSharepoint-V10" id="{33e0cc89-1463-f011-bec2-7c1e527756ba}" />
      </MissingDependency>
      <MissingDependency>
        <Required type="EnvironmentVariableDefinition" displayName="tr_AuditAPIBaseURL" solution="Active" id.schemaname="tr_AuditAPIBaseURL" />
        <Dependent type="29" displayName="Audit | OnDemand | GetAuditLogsAndUploadToSharepoint-V10" id="{33e0cc89-1463-f011-bec2-7c1e527756ba}" />
      </MissingDependency>
      <MissingDependency>
        <Required type="EnvironmentVariableDefinition" displayName="tr_EndDate" solution="Active" id.schemaname="tr_EndDate" />
        <Dependent type="29" displayName="Audit | OnDemand | GetAuditLogsAndUploadToSharepoint-V10" id="{33e0cc89-1463-f011-bec2-7c1e527756ba}" />
      </MissingDependency>
      <MissingDependency>
        <Required type="EnvironmentVariableDefinition" displayName="tr_SelectColumns" solution="Active" id.schemaname="tr_SelectColumns" />
        <Dependent type="29" displayName="Audit | OnDemand | GetAuditLogsAndUploadToSharepoint-V10" id="{33e0cc89-1463-f011-bec2-7c1e527756ba}" />
      </MissingDependency>
      <MissingDependency>
        <Required type="EnvironmentVariableDefinition" displayName="tr_StartDate" solution="Active" id.schemaname="tr_StartDate" />
        <Dependent type="29" displayName="Audit | OnDemand | GetAuditLogsAndUploadToSharepoint-V10" id="{33e0cc89-1463-f011-bec2-7c1e527756ba}" />
      </MissingDependency>
      <MissingDependency>
        <Required type="EnvironmentVariableDefinition" displayName="tr_TableName" solution="Active" id.schemaname="tr_TableName" />
        <Dependent type="29" displayName="Audit | OnDemand | GetAuditLogsAndUploadToSharepoint-V10" id="{33e0cc89-1463-f011-bec2-7c1e527756ba}" />
      </MissingDependency>
      <MissingDependency>
        <Required type="EnvironmentVariableDefinition" displayName="umer_EmailSharePoint" solution="Active" id.schemaname="umer_EmailSharePoint" />
        <Dependent type="29" displayName="Audit | OnDemand | GetAuditLogsAndUploadToSharepoint-V10" id="{33e0cc89-1463-f011-bec2-7c1e527756ba}" />
      </MissingDependency>
    </MissingDependencies>
  </SolutionManifest>
</ImportExportXml>