<environmentvariabledefinition schemaname="wby_TableName">
  <defaultvalue>All</defaultvalue>
  <description default="Enter the logical name of a single table ONLY">
    <label description="Enter the logical name of a single table ONLY" languagecode="1033" />
  </description>
  <displayname default="Table Name">
    <label description="Table Name" languagecode="1033" />
  </displayname>
  <introducedversion>1.0.0.1</introducedversion>
  <iscustomizable>1</iscustomizable>
  <isrequired>0</isrequired>
  <secretstore>0</secretstore>
  <type>100000000</type>
</environmentvariabledefinition>