<environmentvariabledefinition schemaname="wby_AuditEndDate">
  <defaultvalue>2025-07-15T00:00:00Z</defaultvalue>
  <description default="Enter the End date and time till which you want the data">
    <label description="Enter the End date and time till which you want the data" languagecode="1033" />
  </description>
  <displayname default="AuditEndDate">
    <label description="AuditEndDate" languagecode="1033" />
  </displayname>
  <introducedversion>1.0.0.1</introducedversion>
  <iscustomizable>1</iscustomizable>
  <isrequired>0</isrequired>
  <secretstore>0</secretstore>
  <type>100000000</type>
</environmentvariabledefinition>