<environmentvariabledefinition schemaname="wby_SharePointSiteAddress">
  <defaultvalue>https://devsinc730.sharepoint.com/sites/AuditSite</defaultvalue>
  <description default="Site Address of your SharePoint">
    <label description="Site Address of your SharePoint" languagecode="1033" />
  </description>
  <displayname default="SharePointSiteAddress">
    <label description="SharePointSiteAddress" languagecode="1033" />
  </displayname>
  <introducedversion>1.0.0.1</introducedversion>
  <iscustomizable>1</iscustomizable>
  <isrequired>0</isrequired>
  <secretstore>0</secretstore>
  <type>100000000</type>
</environmentvariabledefinition>