<environmentvariabledefinition schemaname="wby_EmailErrorQuery">
  <defaultvalue>umerhayat.sh@gmail.com</defaultvalue>
  <description default="Error Notification">
    <label description="Error Notification" languagecode="1033" />
  </description>
  <displayname default="AuditEmailErrorQuery">
    <label description="AuditEmailErrorQuery" languagecode="1033" />
  </displayname>
  <introducedversion>1.0.0.1</introducedversion>
  <iscustomizable>1</iscustomizable>
  <isrequired>0</isrequired>
  <secretstore>0</secretstore>
  <type>100000000</type>
</environmentvariabledefinition>