<environmentvariabledefinition schemaname="wby_SharePointFileName">
  <defaultvalue>AuditLog_</defaultvalue>
  <description default="File Name of the CSV File">
    <label description="File Name of the CSV File" languagecode="1033" />
  </description>
  <displayname default="SharePointFileName">
    <label description="SharePointFileName" languagecode="1033" />
  </displayname>
  <introducedversion>1.0.0.1</introducedversion>
  <iscustomizable>1</iscustomizable>
  <isrequired>0</isrequired>
  <secretstore>0</secretstore>
  <type>100000000</type>
</environmentvariabledefinition>